option,type,strike,spot,bs_value,value,binomialValue
1,EC,100,100,47.2981,47.2981,47.2957
2,AC,95,92,9.23789,9.23502,9.23054
3,AP,105,120,0.276283,0.32141,0.32148
4,EP,120,100,20.0997,20.0997,20.0991
